{
  "effective_rank": 7,
  "singular_values_top10": [
    71.56500530656213,
    55.93818150659254,
    50.917377388410735,
    49.12707089701208,
    38.69274703332748,
    30.730645271634874,
    22.409232827996647,
    21.12199062247421,
    12.325074323576429,
    1.2428983665285671
  ],
  "reconstruction_errors": [
    0.8337540610121608,
    0.7133660094265729,
    0.5954585340553694,
    0.45925155533949713,
    0.3489945402414629,
    0.2560947809077104,
    0.18892655766919045,
    0.0955896533122471,
    0.00976070078320346,
    0.0018218441528738793,
    0.00026238682961785784,
    1.5079508042557246e-15,
    1.5095994645684998e-15,
    1.5100264824660692e-15
  ],
  "matrix_shape": [
    1200,
    14
  ]
}